<Lab Name="lab de teste" Height="14.00" Width="28.00">
<Beacon X="24.50" Y="10.50" Height="2.00"/>
<Target X="24.50" Y="10.50" Radius="2.00"/>
<Wall Height="3.00">
<Corner X="22.00" Y="3.50"/>
<Corner X="24.50" Y="3.50"/>
<Corner X="24.50" Y="4.00"/>
<Corner X="22.00" Y="4.00"/>
</Wall>
<Wall Height="1.00">
<Corner X="3.00" Y="14.00"/>
<Corner X="3.00" Y="10.50"/>
<Corner X="3.50" Y="10.50"/>
<Corner X="3.50" Y="14.00"/>
</Wall>
<Wall Height="1.00">
<Corner X="20.50" Y="14.00"/>
<Corner X="20.50" Y="10.50"/>
<Corner X="21.00" Y="10.50"/>
<Corner X="21.00" Y="14.00"/>
</Wall>
<Wall Height="1.00">
<Corner X="28.00" Y="7.00"/>
<Corner X="22.00" Y="7.00"/>
<Corner X="22.00" Y="6.50"/>
<Corner X="28.00" Y="6.50"/>
</Wall>
<Wall Height="1.00">
<Corner X="7.00" Y="9.50"/>
<Corner X="7.00" Y="0.00"/>
<Corner X="7.50" Y="0.00"/>
<Corner X="7.50" Y="9.50"/>
</Wall>
<Wall Height="3.00">
<Corner X="7.50" Y="9.00"/>
<Corner X="10.00" Y="9.00"/>
<Corner X="10.00" Y="9.50"/>
<Corner X="7.50" Y="9.50"/>
</Wall>
<Wall Height="1.00">
<Corner X="14.00" Y="14.00"/>
<Corner X="14.00" Y="4.50"/>
<Corner X="14.50" Y="4.50"/>
<Corner X="14.50" Y="14.00"/>
</Wall>
<Wall Height="3.00">
<Corner X="14.50" Y="4.50"/>
<Corner X="17.00" Y="4.50"/>
<Corner X="17.00" Y="5.00"/>
<Corner X="14.50" Y="5.00"/>
</Wall>
<Wall Height="1.00">
<Corner X="22.00" Y="3.50"/>
<Corner X="22.00" Y="0.00"/>
<Corner X="22.50" Y="0.00"/>
<Corner X="22.50" Y="3.50"/>
</Wall>
</Lab>
