<Lab Name="lab de teste" Height="14.00" Width="28.00">
<Beacon X="11.50" Y="2.50" Height="2.00"/>
<Target X="11.50" Y="2.50" Radius="2.00"/>
<Wall Height="3.00">
<Corner X="12.50" Y="14.00"/>
<Corner X="12.50" Y="11.50"/>
<Corner X="8.50" Y="11.50"/>
<Corner X="8.50" Y="11.00"/>
<Corner X="13.00" Y="11.00"/>
<Corner X="13.00" Y="14.00"/>
</Wall>
<Wall Height="3.00">
<Corner X="0.00" Y="9.00"/>
<Corner X="6.50" Y="9.00"/>
<Corner X="6.50" Y="6.50"/>
<Corner X="10.00" Y="6.50"/>
<Corner X="13.00" Y="8.50"/>
<Corner X="18.00" Y="9.50"/>
<Corner X="21.50" Y="7.50"/>
<Corner X="24.50" Y="7.50"/>
<Corner X="24.50" Y="5.00"/>
<Corner X="25.00" Y="5.00"/>
<Corner X="25.00" Y="8.00"/>
<Corner X="21.50" Y="8.00"/>
<Corner X="18.00" Y="10.00"/>
<Corner X="13.00" Y="9.00"/>
<Corner X="10.00" Y="7.00"/>
<Corner X="7.00" Y="7.00"/>
<Corner X="7.00" Y="9.50"/>
<Corner X="0.00" Y="9.50"/>
</Wall>
<Wall Height="1.00">
<Corner X="19.50" Y="0.00"/>
<Corner X="19.50" Y="3.00"/>
<Corner X="22.50" Y="3.00"/>
<Corner X="22.50" Y="2.50"/>
<Corner X="20.00" Y="2.50"/>
<Corner X="20.00" Y="0.00"/>
</Wall>
<Wall Height="3.00">
<Corner X="4.50" Y="4.00"/>
<Corner X="4.50" Y="7.00"/>
<Corner X="2.00" Y="7.00"/>
<Corner X="2.00" Y="6.50"/>
<Corner X="4.00" Y="6.50"/>
<Corner X="4.00" Y="3.50"/>
<Corner X="7.50" Y="3.50"/>
<Corner X="7.50" Y="0.00"/>
<Corner X="8.00" Y="0.00"/>
<Corner X="8.00" Y="4.00"/>
</Wall>
</Lab>
