<Lab Name="lab de teste" Height="14.00" Width="28.00">
<Beacon X="17.30" Y="6.80" Height="2.00"/>
<Target X="17.30" Y="6.80" Radius="2.00"/>
<Target X="25.50" Y="7.00" Radius="2.00"/>
<Wall Height="3.00">
<Corner X="20.70" Y="2.30"/>
<Corner X="20.20" Y="2.30"/>
<Corner X="20.20" Y="3.60"/>
<Corner X="14.30" Y="3.60"/>
<Corner X="14.30" Y="4.00"/>
<Corner X="20.20" Y="4.00"/>
<Corner X="20.20" Y="10.00"/>
<Corner X="14.30" Y="10.00"/>
<Corner X="14.30" Y="10.40"/>
<Corner X="20.20" Y="10.40"/>
<Corner X="20.20" Y="11.70"/>
<Corner X="20.70" Y="11.70"/>
</Wall>
<Wall Height="3.00">
<Corner X="11.80" Y="4.00"/>
<Corner X="5.20" Y="4.00"/>
<Corner X="5.20" Y="3.60"/>
<Corner X="11.80" Y="3.60"/>
</Wall>
<Wall Height="1.00">
<Corner X="5.20" Y="8.10"/>
<Corner X="5.20" Y="5.70"/>
<Corner X="5.90" Y="5.70"/>
<Corner X="5.90" Y="8.10"/>
</Wall>
<Wall Height="3.00">
<Corner X="11.80" Y="10.40"/>
<Corner X="5.20" Y="10.40"/>
<Corner X="5.20" Y="10.00"/>
<Corner X="11.80" Y="10.00"/>
</Wall>
<Wall Height="3.00">
<Corner X="9.30" Y="12.50"/>
<Corner X="9.30" Y="14.00"/>
<Corner X="8.80" Y="14.00"/>
<Corner X="8.80" Y="12.50"/>
</Wall>
<Wall Height="3.00">
<Corner X="9.10" Y="0.00"/>
<Corner X="9.10" Y="1.50"/>
<Corner X="8.60" Y="1.50"/>
<Corner X="8.60" Y="0.00"/>
</Wall>
<Wall Height="3.00">
<Corner X="2.70" Y="7.10"/>
<Corner X="0.00" Y="7.10"/>
<Corner X="0.00" Y="6.70"/>
<Corner X="2.70" Y="6.70"/>
</Wall>
</Lab>
