<Lab Name="CiberRato2012 - Final" Height="14.00" Width="28.00">
<Beacon X="25.50" Y="7.00" Height="2.00"/>
<Target X="25.50" Y="7.00" Radius="2.00"/>
<Target X="3.40" Y="7.00" Radius="2.00"/>
<Wall Height="3.00">
<Corner X="5.50" Y="12.00"/>
<Corner X="0.00" Y="12.00"/>
<Corner X="0.00" Y="11.50"/>
<Corner X="5.00" Y="11.50"/>
<Corner X="5.00" Y="10.50"/>
<Corner X="5.50" Y="10.50"/>
</Wall>
<Wall Height="3.00">
<Corner X="5.50" Y="2.00"/>
<Corner X="0.00" Y="2.00"/>
<Corner X="0.00" Y="2.50"/>
<Corner X="5.00" Y="2.50"/>
<Corner X="5.00" Y="3.50"/>
<Corner X="5.50" Y="3.50"/>
</Wall>
<Wall Height="1.00">
<Corner X="26.00" Y="2.50"/>
<Corner X="28.00" Y="2.50"/>
<Corner X="28.00" Y="3.00"/>
<Corner X="26.00" Y="3.00"/>
</Wall>
<Wall Height="1.00">
<Corner X="26.00" Y="11.00"/>
<Corner X="28.00" Y="11.00"/>
<Corner X="28.00" Y="11.50"/>
<Corner X="26.00" Y="11.50"/>
</Wall>
<Wall Height="3.00">
<Corner X="12.50" Y="3.00"/>
<Corner X="15.00" Y="3.00"/>
<Corner X="15.00" Y="3.50"/>
<Corner X="12.50" Y="3.50"/>
</Wall>
<Wall Height="1.00">
<Corner X="12.00" Y="6.50"/>
<Corner X="12.00" Y="3.00"/>
<Corner X="12.50" Y="3.00"/>
<Corner X="12.50" Y="6.50"/>
</Wall>
<Wall Height="3.00">
<Corner X="9.50" Y="6.00"/>
<Corner X="12.00" Y="6.00"/>
<Corner X="12.00" Y="6.50"/>
<Corner X="9.50" Y="6.50"/>
</Wall>
<Wall Height="3.00">
<Corner X="15.00" Y="6.00"/>
<Corner X="17.50" Y="6.00"/>
<Corner X="17.50" Y="6.50"/>
<Corner X="15.00" Y="6.50"/>
</Wall>
<Wall Height="1.00">
<Corner X="14.50" Y="9.50"/>
<Corner X="14.50" Y="6.00"/>
<Corner X="15.00" Y="6.00"/>
<Corner X="15.00" Y="9.50"/>
</Wall>
<Wall Height="3.00">
<Corner X="12.00" Y="9.00"/>
<Corner X="14.50" Y="9.00"/>
<Corner X="14.50" Y="9.50"/>
<Corner X="12.00" Y="9.50"/>
</Wall>
<Wall Height="1.00">
<Corner X="17.00" Y="14.00"/>
<Corner X="17.00" Y="10.50"/>
<Corner X="17.50" Y="10.50"/>
<Corner X="17.50" Y="14.00"/>
</Wall>
<Wall Height="3.00">
<Corner X="17.50" Y="10.50"/>
<Corner X="20.00" Y="10.50"/>
<Corner X="20.00" Y="11.00"/>
<Corner X="17.50" Y="11.00"/>
</Wall>
<Wall Height="1.00">
<Corner X="20.00" Y="3.50"/>
<Corner X="20.00" Y="0.00"/>
<Corner X="20.50" Y="0.00"/>
<Corner X="20.50" Y="3.50"/>
</Wall>
<Wall Height="3.00">
<Corner X="20.50" Y="3.00"/>
<Corner X="23.00" Y="3.00"/>
<Corner X="23.00" Y="3.50"/>
<Corner X="20.50" Y="3.50"/>
</Wall>
</Lab>
