<Lab Name="Ciber2006, Final" Width="28.00" Height="14.00">
  <Beacon X="14.9815" Y="8.7000" Height="2.00"/>
  <Target X="14.9815" Y="8.7000" Radius="1.00"/>
  <Beacon X="12.0370" Y="7.0000" Height="2.00"/>
  <Target X="12.0370" Y="7.0000" Radius="1.00"/>
  <Beacon X="14.9815" Y="5.3000" Height="2.00"/>
  <Target X="14.9815" Y="5.3000" Radius="1.00"/>
  <Wall Height="3.00">
    <Corner X="18.0415" Y="0.0000"/>
    <Corner X="19.1962" Y="0.0000"/>
    <Corner X="23.2376" Y="7.0000"/>
    <Corner X="19.1962" Y="14.0000"/>
    <Corner X="18.0415" Y="14.0000"/>
    <Corner X="22.0829" Y="7.0000"/>
  </Wall>
  <Wall Height="3.00">
    <Corner X="8.8039" Y="0.0000"/>
    <Corner X="9.9586" Y="0.0000"/>
    <Corner X="5.9171" Y="7.0000"/>
    <Corner X="9.9586" Y="14.0000"/>
    <Corner X="8.8039" Y="14.0000"/>
    <Corner X="4.7624" Y="7.0000"/>
  </Wall>
  <Wall Height="3.00">
    <Corner X="14.1155" Y="6.8000"/>
    <Corner X="16.8868" Y="6.8000"/>
    <Corner X="17.1177" Y="6.4000"/>
    <Corner X="17.5796" Y="6.4000"/>
    <Corner X="17.9260" Y="7.0000"/>
    <Corner X="17.5796" Y="7.6000"/>
    <Corner X="17.1177" Y="7.6000"/>
    <Corner X="16.8868" Y="7.2000"/>
    <Corner X="14.1155" Y="7.2000"/>
    <Corner X="12.7298" Y="9.6000"/>
    <Corner X="12.9608" Y="10.0000"/>
    <Corner X="12.7298" Y="10.4000"/>
    <Corner X="12.0370" Y="10.4000"/>
    <Corner X="11.6906" Y="9.8000"/>
    <Corner X="11.9215" Y="9.4000"/>
    <Corner X="12.3834" Y="9.4000"/>
    <Corner X="13.7691" Y="7.0000"/>
    <Corner X="12.3834" Y="4.6000"/>
    <Corner X="11.9215" Y="4.6000"/>
    <Corner X="11.6906" Y="4.2000"/>
    <Corner X="12.0370" Y="3.6000"/>
    <Corner X="12.7298" Y="3.6000"/>
    <Corner X="12.9608" Y="4.0000"/>
    <Corner X="12.7298" Y="4.4000"/>
  </Wall>
  <Wall Height="3.00">
    <Corner X="19.6580" Y="6.6000"/>
    <Corner X="20.1199" Y="6.6000"/>
    <Corner X="20.3509" Y="7.0000"/>
    <Corner X="20.1199" Y="7.4000"/>
    <Corner X="19.6580" Y="7.4000"/>
    <Corner X="19.4271" Y="7.0000"/>
  </Wall>
  <Wall Height="3.00">
    <Corner X="11.5174" Y="12.1000"/>
    <Corner X="11.2865" Y="12.5000"/>
    <Corner X="10.8246" Y="12.5000"/>
    <Corner X="10.5936" Y="12.1000"/>
    <Corner X="10.8246" Y="11.7000"/>
    <Corner X="11.2865" Y="11.7000"/>
  </Wall>
  <Wall Height="3.00">
    <Corner X="10.8246" Y="2.3000"/>
    <Corner X="10.5936" Y="1.9000"/>
    <Corner X="10.8246" Y="1.5000"/>
    <Corner X="11.2865" Y="1.5000"/>
    <Corner X="11.5174" Y="1.9000"/>
    <Corner X="11.2865" Y="2.3000"/>
  </Wall>
  <Wall Height="3.00">
    <Corner X="17.1754" Y="1.5000"/>
    <Corner X="18.3301" Y="3.5000"/>
    <Corner X="18.0992" Y="3.9000"/>
    <Corner X="17.6373" Y="3.9000"/>
    <Corner X="17.4064" Y="3.5000"/>
    <Corner X="17.6373" Y="3.1000"/>
    <Corner X="16.9445" Y="1.9000"/>
    <Corner X="15.5588" Y="1.9000"/>
    <Corner X="15.3279" Y="2.3000"/>
    <Corner X="14.8660" Y="2.3000"/>
    <Corner X="14.6351" Y="1.9000"/>
    <Corner X="14.8660" Y="1.5000"/>
  </Wall>
  <Wall Height="3.00">
    <Corner X="17.1754" Y="12.5000"/>
    <Corner X="14.8660" Y="12.5000"/>
    <Corner X="14.6351" Y="12.1000"/>
    <Corner X="14.8660" Y="11.7000"/>
    <Corner X="15.3279" Y="11.7000"/>
    <Corner X="15.5588" Y="12.1000"/>
    <Corner X="16.9445" Y="12.1000"/>
    <Corner X="17.6373" Y="10.9000"/>
    <Corner X="17.4064" Y="10.5000"/>
    <Corner X="17.6373" Y="10.1000"/>
    <Corner X="18.0992" Y="10.1000"/>
    <Corner X="18.3301" Y="10.5000"/>
  </Wall>
  <Wall Height="3.00">
    <Corner X="7.6492" Y="7.0000"/>
    <Corner X="8.8039" Y="5.0000"/>
    <Corner X="9.2657" Y="5.0000"/>
    <Corner X="9.4967" Y="5.4000"/>
    <Corner X="9.2657" Y="5.8000"/>
    <Corner X="8.8039" Y="5.8000"/>
    <Corner X="8.1110" Y="7.0000"/>
    <Corner X="8.8039" Y="8.2000"/>
    <Corner X="9.2657" Y="8.2000"/>
    <Corner X="9.4967" Y="8.6000"/>
    <Corner X="9.2657" Y="9.0000"/>
    <Corner X="8.8039" Y="9.0000"/>
  </Wall>
</Lab>
