<Lab Name="lab de teste" Height="14" Width="28">
	<Beacon X="24.64" Y="6.96" Height="2"/>
	<Target X="24.64" Y="6.96" Radius="2"/>
	<Wall Height="3">
		<Corner X="8.1" Y="2"/>
		<Corner X="8.1" Y="0"/>
		<Corner X="8.5" Y="0"/>
		<Corner X="8.5" Y="2"/>
	</Wall>
	<Wall Height="1">
		<Corner X="22" Y="5.5"/>
		<Corner X="22" Y="8.5"/>
		<Corner X="21.6" Y="8.5"/>
		<Corner X="21.6" Y="5.5"/>
	</Wall>
	<Wall Height="3">
		<Corner X="21.6" Y="14"/>
		<Corner X="21.6" Y="11.5"/>
		<Corner X="22" Y="11.5"/>
		<Corner X="22" Y="14"/>
	</Wall>
	<Wall Height="3">
		<Corner X="21.6" Y="2.5"/>
		<Corner X="21.6" Y="0"/>
		<Corner X="22" Y="0"/>
		<Corner X="22" Y="2.5"/>
	</Wall>
	<Wall Height="3">
		<Corner X="8.5" Y="4.5"/>
		<Corner X="8.5" Y="6.8"/>
		<Corner X="10.1" Y="6.8"/>
		<Corner X="10.1" Y="7.2"/>
		<Corner X="8.5" Y="7.2"/>
		<Corner X="8.5" Y="9.5"/>
		<Corner X="8.1" Y="9.5"/>
		<Corner X="8.1" Y="7.2"/>
		<Corner X="6.5" Y="7.2"/>
		<Corner X="6.5" Y="6.8"/>
		<Corner X="8.1" Y="6.8"/>
		<Corner X="8.1" Y="4.5"/>
	</Wall>
	<Wall Height="3">
		<Corner X="8.1" Y="14"/>
		<Corner X="8.1" Y="12"/>
		<Corner X="8.5" Y="12"/>
		<Corner X="8.5" Y="14"/>
	</Wall>
	<Wall Height="1">
		<Corner X="13" Y="2.5"/>
		<Corner X="13.5" Y="3.5"/>
		<Corner X="13" Y="4.5"/>
		<Corner X="12" Y="4.5"/>
		<Corner X="11.5" Y="3.5"/>
		<Corner X="12" Y="2.5"/>
	</Wall>
	<Wall Height="3">
		<Corner X="16.5" Y="2"/>
		<Corner X="16.5" Y="0"/>
		<Corner X="16.9" Y="0"/>
		<Corner X="16.9" Y="2"/>
	</Wall>
	<Wall Height="3">
		<Corner X="16.9" Y="4.5"/>
		<Corner X="16.9" Y="6.8"/>
		<Corner X="18.5" Y="6.8"/>
		<Corner X="18.5" Y="7.2"/>
		<Corner X="16.9" Y="7.2"/>
		<Corner X="16.9" Y="9.5"/>
		<Corner X="16.5" Y="9.5"/>
		<Corner X="16.5" Y="7.2"/>
		<Corner X="14.9" Y="7.2"/>
		<Corner X="14.9" Y="6.8"/>
		<Corner X="16.5" Y="6.8"/>
		<Corner X="16.5" Y="4.5"/>
	</Wall>
	<Wall Height="3">
		<Corner X="16.5" Y="14"/>
		<Corner X="16.5" Y="12"/>
		<Corner X="16.9" Y="12"/>
		<Corner X="16.9" Y="14"/>
	</Wall>
	<Wall Height="1">
		<Corner X="13" Y="9.5"/>
		<Corner X="13.5" Y="10.5"/>
		<Corner X="13" Y="11.5"/>
		<Corner X="12" Y="11.5"/>
		<Corner X="11.5" Y="10.5"/>
		<Corner X="12" Y="9.5"/>
	</Wall>
	<Wall Height="1">
		<Corner X="3.5" Y="3.5"/>
		<Corner X="3.5" Y="10.5"/>
		<Corner X="3" Y="10.5"/>
		<Corner X="3" Y="3.5"/>
	</Wall>
</Lab>
