<Lab Name="PathFinder Corridor" Height="14" Width="28">
		<Beacon X="25" Y="7.0" Height="4.0"/>
		<Target X="25" Y="7.0" Radius="1.0"/>
		<Row  Pos="12" Pattern="  |        |     |                 |     "  />
		<Row  Pos="11" Pattern="  ·--·  ·--·--·--·--·--·--.--·--·--·--·--"  />
		<Row  Pos="10" Pattern="  |        |                             "  />
		<Row  Pos="9"  Pattern="--·--·  ·--·--·--·--·--·--·--·--·--·--·  "  />
		<Row  Pos="8"  Pattern="        |                             |  "  />
		<Row  Pos="7"  Pattern="--·--·--·--·--·--·--·--·--·--·--·--·  ·  "  />
		<Row  Pos="6"  Pattern="  |                                      "  />
		<Row  Pos="5"  Pattern="  ·--·--·--·--·--·--·--·--·--·--·--·  ·  "  />
		<Row  Pos="4"  Pattern="     |  |                             |  "  />
		<Row  Pos="3"  Pattern="  ·--·  ·--·--·--·--·--·--·--·--·--·--·  "  />
		<Row  Pos="2"  Pattern="  |        |                             "  />
		<Row  Pos="1"  Pattern="  ·--·  ·--·--·--·--·--·--·--·--·--·--·--"  />
		<Row  Pos="0"  Pattern="  |  |           |           |     |     "  />
</Lab>

