<Lab Name="lab de teste" Height="14.00" Width="28.00">
<Beacon X="2.50" Y="7.00" Height="2.00"/>
<Target X="2.50" Y="7.00" Radius="1.00"/>
<Wall Height="1.00">
<Corner X="11.00" Y="2.50"/>
<Corner X="8.00" Y="2.50"/>
<Corner X="8.00" Y="3.00"/>
<Corner X="10.50" Y="3.00"/>
<Corner X="10.50" Y="5.50"/>
<Corner X="17.50" Y="5.50"/>
<Corner X="17.50" Y="2.50"/>
<Corner X="17.00" Y="2.50"/>
<Corner X="17.00" Y="4.50"/>
<Corner X="11.00" Y="4.50"/>
</Wall>
<Wall Height="1.00">
<Corner X="11.00" Y="11.50"/>
<Corner X="8.00" Y="11.50"/>
<Corner X="8.00" Y="11.00"/>
<Corner X="10.50" Y="11.00"/>
<Corner X="10.50" Y="8.50"/>
<Corner X="17.50" Y="8.50"/>
<Corner X="17.50" Y="11.50"/>
<Corner X="17.00" Y="11.50"/>
<Corner X="17.00" Y="9.50"/>
<Corner X="11.00" Y="9.50"/>
</Wall>
<Wall Height="1.00">
<Corner X="4.00" Y="4.00"/>
<Corner X="4.00" Y="10.00"/>
<Corner X="4.50" Y="10.00"/>
<Corner X="4.50" Y="4.00"/>
</Wall>
<Wall Height="3.00">
<Corner X="24.50" Y="3.00"/>
<Corner X="22.50" Y="3.00"/>
<Corner X="21.50" Y="5.00"/>
<Corner X="21.50" Y="9.00"/>
<Corner X="22.50" Y="11.00"/>
<Corner X="24.50" Y="11.00"/>
<Corner X="24.50" Y="10.50"/>
<Corner X="23.00" Y="10.50"/>
<Corner X="23.00" Y="3.50"/>
<Corner X="24.50" Y="3.50"/>
</Wall>
</Lab>
