<Lab Name="lab de teste" Height="14.00" Width="28.00">
<Beacon X="24.00" Y="7.00" Height="2.00"/>
<Target X="24.00" Y="7.00" Radius="1.00"/>
<Wall Height="1.00">
<Corner X="22.50" Y="3.00"/>
<Corner X="21.00" Y="3.00"/>
<Corner X="21.00" Y="4.00"/>
<Corner X="21.50" Y="6.00"/>
<Corner X="21.50" Y="7.00"/>
<Corner X="21.98" Y="7.00"/>
<Corner X="22.50" Y="4.00"/>
</Wall>
<Wall Height="1.00">
<Corner X="22.50" Y="11.00"/>
<Corner X="21.00" Y="11.00"/>
<Corner X="21.00" Y="10.00"/>
<Corner X="21.50" Y="8.00"/>
<Corner X="21.50" Y="7.00"/>
<Corner X="22.00" Y="7.00"/>
<Corner X="22.50" Y="10.00"/>
</Wall>
<Wall Height="3.00">
<Corner X="8.50" Y="10.50"/>
<Corner X="15.50" Y="10.50"/>
<Corner X="15.50" Y="11.00"/>
<Corner X="8.50" Y="11.00"/>
</Wall>
<Wall Height="1.00">
<Corner X="11.50" Y="3.50"/>
<Corner X="11.50" Y="10.50"/>
<Corner X="12.00" Y="10.50"/>
<Corner X="12.00" Y="3.50"/>
</Wall>
<Wall Height="3.00">
<Corner X="3.00" Y="4.00"/>
<Corner X="4.00" Y="4.00"/>
<Corner X="5.50" Y="5.50"/>
<Corner X="5.50" Y="8.50"/>
<Corner X="4.00" Y="10.00"/>
<Corner X="3.00" Y="10.00"/>
<Corner X="3.00" Y="9.00"/>
<Corner X="4.00" Y="9.00"/>
<Corner X="4.00" Y="5.00"/>
<Corner X="3.00" Y="5.00"/>
</Wall>
<Wall Height="1.00">
<Corner X="18.50" Y="7.80"/>
<Corner X="18.50" Y="6.30"/>
<Corner X="19.00" Y="6.30"/>
<Corner X="19.00" Y="6.80"/>
<Corner X="21.50" Y="6.80"/>
<Corner X="21.50" Y="7.30"/>
<Corner X="19.00" Y="7.30"/>
<Corner X="19.00" Y="7.80"/>
</Wall>
<Wall Height="3.00">
<Corner X="8.50" Y="3.00"/>
<Corner X="15.50" Y="3.00"/>
<Corner X="15.50" Y="3.50"/>
<Corner X="8.50" Y="3.50"/>
</Wall>
</Lab>
